Nombre,Usuario Instagram,Link Instagram,Usuario TikTok,Link TikTok,Usuario Twitter,Link Twitter,Usuario YouTube,Link YouTube,Seguidores,Engagement Rate,Especialidad,Mejor Canal Contacto,Categoría,Link Directo Perfil
Fintech Dev,@fintechdev,https://www.instagram.com/fintechdev/,,,Fintech Dev,https://twitter.com/fintechdev,,"",~73K,~6%,Fintech development,Instagram DM,Fintech,https://www.instagram.com/fintechdev/
Payment Systems,@paymentsystems,https://www.instagram.com/paymentsystems/,,,,"",,Payment Systems,https://www.youtube.com/@paymentsystems,~69K,~6%,Payment systems,Instagram DM,Fintech,https://www.instagram.com/paymentsystems/
Stripe Integration,@stripeintegration,https://www.instagram.com/stripeintegration/,@stripeintegration,https://www.tiktok.com/@stripeintegration,,,,"",~67K,~6%,Stripe integration,Instagram DM,Fintech,https://www.instagram.com/stripeintegration/
PayPal API,@paypalapi,https://www.instagram.com/paypalapi/,,,,"",,,"",~65K,~6%,PayPal API,Instagram DM,Fintech,https://www.instagram.com/paypalapi/
Cryptocurrency Tech,@cryptocurrencytech,https://www.instagram.com/cryptocurrencytech/,,,Cryptocurrency Tech,https://twitter.com/cryptocurrencytech,,"",~71K,~6%,Cryptocurrency technology,Instagram DM,Fintech,https://www.instagram.com/cryptocurrencytech/
Banking Tech,@bankingtech,https://www.instagram.com/bankingtech/,,,,"",,Banking Tech,https://www.youtube.com/@bankingtech,~63K,~6%,Banking technology,Instagram DM,Fintech,https://www.instagram.com/bankingtech/
Financial APIs,@financialapis,https://www.instagram.com/financialapis/,@financialapis,https://www.tiktok.com/@financialapis,,,,"",~61K,~6%,Financial APIs,Instagram DM,Fintech,https://www.instagram.com/financialapis/
Trading Systems,@tradingsystems,https://www.instagram.com/tradingsystems/,,,Trading Systems,https://twitter.com/tradingsystems,,"",~68K,~6%,Trading systems,Instagram DM,Fintech,https://www.instagram.com/tradingsystems/
Accounting Software,@accountingsoftware,https://www.instagram.com/accountingsoftware/,,,,"",,,"",~66K,~6%,Accounting software,Instagram DM,Fintech,https://www.instagram.com/accountingsoftware/
ERP Systems,@erpsystems,https://www.instagram.com/erpsystems/,,,,"",,ERP Systems,https://www.youtube.com/@erpsystems,~64K,~6%,ERP systems,Instagram DM,Fintech,https://www.instagram.com/erpsystems/
CRM Development,@crmdevelopment,https://www.instagram.com/crmdevelopment/,@crmdevelopment,https://www.tiktok.com/@crmdevelopment,,,,"",~62K,~6%,CRM development,Instagram DM,Fintech,https://www.instagram.com/crmdevelopment/
Business Intelligence 2,@businessintelligence2,https://www.instagram.com/businessintelligence2/,,,Business Intelligence 2,https://twitter.com/businessintelligence2,,"",~70K,~6%,Business Intelligence,Instagram DM,Fintech,https://www.instagram.com/businessintelligence2/
E-commerce Tech,@ecommercetech,https://www.instagram.com/ecommercetech/,,,,"",,,"",~59K,~6%,E-commerce technology,Instagram DM,Fintech,https://www.instagram.com/ecommercetech/
Point of Sale,@pointofsale,https://www.instagram.com/pointofsale/,,,,"",,Point of Sale,https://www.youtube.com/@pointofsale,~72K,~6%,POS systems,Instagram DM,Fintech,https://www.instagram.com/pointofsale/
Invoice Systems,@invoicesystems,https://www.instagram.com/invoicesystems/,@invoicesystems,https://www.tiktok.com/@invoicesystems,,,,"",~60K,~6%,Invoice systems,Instagram DM,Fintech,https://www.instagram.com/invoicesystems/
Tax Software,@taxsoftware,https://www.instagram.com/taxsoftware/,,,Tax Software,https://twitter.com/taxsoftware,,"",~67K,~6%,Tax software,Instagram DM,Fintech,https://www.instagram.com/taxsoftware/
Financial Analytics,@financialanalytics,https://www.instagram.com/financialanalytics/,,,,"",,,"",~65K,~6%,Financial analytics,Instagram DM,Fintech,https://www.instagram.com/financialanalytics/
Risk Management,@riskmanagement,https://www.instagram.com/riskmanagement/,,,,"",,Risk Management,https://www.youtube.com/@riskmanagement,~63K,~6%,Risk management systems,Instagram DM,Fintech,https://www.instagram.com/riskmanagement/
Compliance Tech,@compliancetech,https://www.instagram.com/compliancetech/,@compliancetech,https://www.tiktok.com/@compliancetech,,,,"",~61K,~6%,Compliance technology,Instagram DM,Fintech,https://www.instagram.com/compliancetech/
Fintech Best,@fintechbest,https://www.instagram.com/fintechbest/,,,Fintech Best,https://twitter.com/fintechbest,,"",~69K,~6%,Fintech best practices,Instagram DM,Fintech,https://www.instagram.com/fintechbest/
E-commerce Dev,@ecommercedev,https://www.instagram.com/ecommercedev/,,,E-commerce Dev,https://twitter.com/ecommercedev,,"",~74K,~6%,E-commerce development,Instagram DM,E-commerce,https://www.instagram.com/ecommercedev/
Shopify Dev,@shopifydev,https://www.instagram.com/shopifydev/,,,,"",,Shopify Dev,https://www.youtube.com/@shopifydev,~70K,~6%,Shopify development,Instagram DM,E-commerce,https://www.instagram.com/shopifydev/
WooCommerce,@woocommerce,https://www.instagram.com/woocommerce/,@woocommerce,https://www.tiktok.com/@woocommerce,,,,"",~68K,~6%,WooCommerce,Instagram DM,E-commerce,https://www.instagram.com/woocommerce/
Magento Dev,@magentodev,https://www.instagram.com/magentodev/,,,,"",,,"",~66K,~6%,Magento development,Instagram DM,E-commerce,https://www.instagram.com/magentodev/
E-commerce Platform,@ecommerceplatform,https://www.instagram.com/ecommerceplatform/,,,E-commerce Platform,https://twitter.com/ecommerceplatform,,"",~72K,~6%,E-commerce platforms,Instagram DM,E-commerce,https://www.instagram.com/ecommerceplatform/
Shopping Cart,@shoppingcart,https://www.instagram.com/shoppingcart/,,,,"",,Shopping Cart,https://www.youtube.com/@shoppingcart,~64K,~6%,Shopping cart systems,Instagram DM,E-commerce,https://www.instagram.com/shoppingcart/
Inventory Management,@inventorymanagement,https://www.instagram.com/inventorymanagement/,@inventorymanagement,https://www.tiktok.com/@inventorymanagement,,,,"",~62K,~6%,Inventory management,Instagram DM,E-commerce,https://www.instagram.com/inventorymanagement/
Order Management,@ordermanagement,https://www.instagram.com/ordermanagement/,,,Order Management,https://twitter.com/ordermanagement,,"",~70K,~6%,Order management systems,Instagram DM,E-commerce,https://www.instagram.com/ordermanagement/
Product Catalog,@productcatalog,https://www.instagram.com/productcatalog/,,,,"",,,"",~68K,~6%,Product catalog systems,Instagram DM,E-commerce,https://www.instagram.com/productcatalog/
Shipping Integration,@shippingintegration,https://www.instagram.com/shippingintegration/,,,,"",,Shipping Integration,https://www.youtube.com/@shippingintegration,~60K,~6%,Shipping integrations,Instagram DM,E-commerce,https://www.instagram.com/shippingintegration/
Retail Tech,@retailtech,https://www.instagram.com/retailtech/,@retailtech,https://www.tiktok.com/@retailtech,,,,"",~66K,~6%,Retail technology,Instagram DM,E-commerce,https://www.instagram.com/retailtech/
Omnichannel,@omnichannel,https://www.instagram.com/omnichannel/,,,Omnichannel,https://twitter.com/omnichannel,,"",~71K,~6%,Omnichannel retail,Instagram DM,E-commerce,https://www.instagram.com/omnichannel/
Marketplace Dev,@marketplacedev,https://www.instagram.com/marketplacedev/,,,,"",,,"",~65K,~6%,Marketplace development,Instagram DM,E-commerce,https://www.instagram.com/marketplacedev/
Dropshipping Tech,@dropshippingtech,https://www.instagram.com/dropshippingtech/,,,,"",,Dropshipping Tech,https://www.youtube.com/@dropshippingtech,~69K,~6%,Dropshipping technology,Instagram DM,E-commerce,https://www.instagram.com/dropshippingtech/
E-commerce Analytics,@ecommerceanalytics,https://www.instagram.com/ecommerceanalytics/,@ecommerceanalytics,https://www.tiktok.com/@ecommerceanalytics,,,,"",~63K,~6%,E-commerce analytics,Instagram DM,E-commerce,https://www.instagram.com/ecommerceanalytics/
Conversion Optimization,@conversionoptimization,https://www.instagram.com/conversionoptimization/,,,Conversion Optimization,https://twitter.com/conversionoptimization,,"",~67K,~6%,Conversion optimization,Instagram DM,E-commerce,https://www.instagram.com/conversionoptimization/
Checkout Optimization,@checkoutoptimization,https://www.instagram.com/checkoutoptimization/,,,,"",,,"",~61K,~6%,Checkout optimization,Instagram DM,E-commerce,https://www.instagram.com/checkoutoptimization/
E-commerce Security,@ecommercesecurity,https://www.instagram.com/ecommercesecurity/,,,,"",,E-commerce Security,https://www.youtube.com/@ecommercesecurity,~73K,~6%,E-commerce security,Instagram DM,E-commerce,https://www.instagram.com/ecommercesecurity/
Mobile Commerce,@mobilecommerce,https://www.instagram.com/mobilecommerce/,@mobilecommerce,https://www.tiktok.com/@mobilecommerce,,,,"",~59K,~6%,Mobile commerce,Instagram DM,E-commerce,https://www.instagram.com/mobilecommerce/
E-commerce Best,@ecommercebest,https://www.instagram.com/ecommercebest/,,,E-commerce Best,https://twitter.com/ecommercebest,,"",~68K,~6%,E-commerce best practices,Instagram DM,E-commerce,https://www.instagram.com/ecommercebest/
Marketing Tech,@marketingtech,https://www.instagram.com/marketingtech/,,,Marketing Tech,https://twitter.com/marketingtech,,"",~75K,~6%,Marketing technology,Instagram DM,Marketing,https://www.instagram.com/marketingtech/
Marketing Automation,@marketingautomation,https://www.instagram.com/marketingautomation/,,,,"",,Marketing Automation,https://www.youtube.com/@marketingautomation,~71K,~6%,Marketing automation,Instagram DM,Marketing,https://www.instagram.com/marketingautomation/
Email Marketing,@emailmarketing,https://www.instagram.com/emailmarketing/,@emailmarketing,https://www.tiktok.com/@emailmarketing,,,,"",~69K,~6%,Email marketing tech,Instagram DM,Marketing,https://www.instagram.com/emailmarketing/
SEO Tools,@seotools,https://www.instagram.com/seotools/,,,,"",,,"",~67K,~6%,SEO tools,Instagram DM,Marketing,https://www.instagram.com/seotools/
Analytics Tools,@analyticstools,https://www.instagram.com/analyticstools/,,,Analytics Tools,https://twitter.com/analyticstools,,"",~73K,~6%,Analytics tools,Instagram DM,Marketing,https://www.instagram.com/analyticstools/
Growth Hacking,@growthhacking,https://www.instagram.com/growthhacking/,,,,"",,Growth Hacking,https://www.youtube.com/@growthhacking,~65K,~6%,Growth hacking,Instagram DM,Marketing,https://www.instagram.com/growthhacking/
A/B Testing,@abtesting,https://www.instagram.com/abtesting/,@abtesting,https://www.tiktok.com/@abtesting,,,,"",~63K,~6%,A/B testing tools,Instagram DM,Marketing,https://www.instagram.com/abtesting/
Conversion Tracking,@conversiontracking,https://www.instagram.com/conversiontracking/,,,Conversion Tracking,https://twitter.com/conversiontracking,,"",~70K,~6%,Conversion tracking,Instagram DM,Marketing,https://www.instagram.com/conversiontracking/
Social Media Tools,@socialmediatools,https://www.instagram.com/socialmediatools/,,,,"",,,"",~68K,~6%,Social media tools,Instagram DM,Marketing,https://www.instagram.com/socialmediatools/
Content Management,@contentmanagement,https://www.instagram.com/contentmanagement/,,,,"",,Content Management,https://www.youtube.com/@contentmanagement,~66K,~6%,Content management systems,Instagram DM,Marketing,https://www.instagram.com/contentmanagement/
Lead Generation,@leadgeneration,https://www.instagram.com/leadgeneration/,@leadgeneration,https://www.tiktok.com/@leadgeneration,,,,"",~64K,~6%,Lead generation tools,Instagram DM,Marketing,https://www.instagram.com/leadgeneration/
Customer Data,@customerdata,https://www.instagram.com/customerdata/,,,Customer Data,https://twitter.com/customerdata,,"",~72K,~6%,Customer data platforms,Instagram DM,Marketing,https://www.instagram.com/customerdata/
Marketing Attribution,@marketingattribution,https://www.instagram.com/marketingattribution/,,,,"",,,"",~60K,~6%,Marketing attribution,Instagram DM,Marketing,https://www.instagram.com/marketingattribution/
Ad Tech,@adtech,https://www.instagram.com/adtech/,,,,"",,Ad Tech,https://www.youtube.com/@adtech,~74K,~6%,Ad technology,Instagram DM,Marketing,https://www.instagram.com/adtech/
Programmatic Ads,@programmaticads,https://www.instagram.com/programmaticads/,@programmaticads,https://www.tiktok.com/@programmaticads,,,,"",~62K,~6%,Programmatic advertising,Instagram DM,Marketing,https://www.instagram.com/programmaticads/
Marketing Stack,@marketingstack,https://www.instagram.com/marketingstack/,,,Marketing Stack,https://twitter.com/marketingstack,,"",~69K,~6%,Marketing tech stack,Instagram DM,Marketing,https://www.instagram.com/marketingstack/
Marketing Integration,@marketingintegration,https://www.instagram.com/marketingintegration/,,,,"",,,"",~67K,~6%,Marketing integrations,Instagram DM,Marketing,https://www.instagram.com/marketingintegration/
Marketing Analytics,@marketinganalytics,https://www.instagram.com/marketinganalytics/,,,,"",,Marketing Analytics,https://www.youtube.com/@marketinganalytics,~65K,~6%,Marketing analytics,Instagram DM,Marketing,https://www.instagram.com/marketinganalytics/
Marketing Automation 2,@marketingautomation2,https://www.instagram.com/marketingautomation2/,@marketingautomation2,https://www.tiktok.com/@marketingautomation2,,,,"",~61K,~6%,Marketing automation platforms,Instagram DM,Marketing,https://www.instagram.com/marketingautomation2/
Marketing Best,@marketingbest,https://www.instagram.com/marketingbest/,,,Marketing Best,https://twitter.com/marketingbest,,"",~71K,~6%,Marketing tech best practices,Instagram DM,Marketing,https://www.instagram.com/marketingbest/
SaaS Development,@saasdevelopment,https://www.instagram.com/saasdevelopment/,,,SaaS Development,https://twitter.com/saasdevelopment,,"",~76K,~6%,SaaS development,Instagram DM,SaaS,https://www.instagram.com/saasdevelopment/
SaaS Architecture,@saasarchitecture,https://www.instagram.com/saasarchitecture/,,,,"",,SaaS Architecture,https://www.youtube.com/@saasarchitecture,~72K,~6%,SaaS architecture,Instagram DM,SaaS,https://www.instagram.com/saasarchitecture/
Multi Tenancy,@multitenancy,https://www.instagram.com/multitenancy/,@multitenancy,https://www.tiktok.com/@multitenancy,,,,"",~70K,~6%,Multi-tenancy architecture,Instagram DM,SaaS,https://www.instagram.com/multitenancy/
Subscription Billing,@subscriptionbilling,https://www.instagram.com/subscriptionbilling/,,,,"",,,"",~68K,~6%,Subscription billing,Instagram DM,SaaS,https://www.instagram.com/subscriptionbilling/
Product Development,@productdevelopment,https://www.instagram.com/productdevelopment/,,,Product Development,https://twitter.com/productdevelopment,,"",~74K,~6%,Product development,Instagram DM,SaaS,https://www.instagram.com/productdevelopment/
Product Management,@productmanagement,https://www.instagram.com/productmanagement/,,,,"",,Product Management,https://www.youtube.com/@productmanagement,~66K,~6%,Product management,Instagram DM,SaaS,https://www.instagram.com/productmanagement/
Feature Flags,@featureflags,https://www.instagram.com/featureflags/,@featureflags,https://www.tiktok.com/@featureflags,,,,"",~64K,~6%,Feature flags,Instagram DM,SaaS,https://www.instagram.com/featureflags/
User Onboarding,@useronboarding,https://www.instagram.com/useronboarding/,,,User Onboarding,https://twitter.com/useronboarding,,"",~71K,~6%,User onboarding,Instagram DM,SaaS,https://www.instagram.com/useronboarding/
Product Analytics,@productanalytics,https://www.instagram.com/productanalytics/,,,,"",,,"",~69K,~6%,Product analytics,Instagram DM,SaaS,https://www.instagram.com/productanalytics/
User Feedback,@userfeedback,https://www.instagram.com/userfeedback/,,,,"",,User Feedback,https://www.youtube.com/@userfeedback,~67K,~6%,User feedback systems,Instagram DM,SaaS,https://www.instagram.com/userfeedback/
Product Metrics,@productmetrics,https://www.instagram.com/productmetrics/,@productmetrics,https://www.tiktok.com/@productmetrics,,,,"",~65K,~6%,Product metrics,Instagram DM,SaaS,https://www.instagram.com/productmetrics/
SaaS Pricing,@saaspricing,https://www.instagram.com/saaspricing/,,,SaaS Pricing,https://twitter.com/saaspricing,,"",~73K,~6%,SaaS pricing models,Instagram DM,SaaS,https://www.instagram.com/saaspricing/
Customer Success,@customersuccess,https://www.instagram.com/customersuccess/,,,,"",,,"",~63K,~6%,Customer success tools,Instagram DM,SaaS,https://www.instagram.com/customersuccess/
Churn Reduction,@churnreduction,https://www.instagram.com/churnreduction/,,,,"",,Churn Reduction,https://www.youtube.com/@churnreduction,~75K,~6%,Churn reduction,Instagram DM,SaaS,https://www.instagram.com/churnreduction/
SaaS Growth,@saasgrowth,https://www.instagram.com/saasgrowth/,@saasgrowth,https://www.tiktok.com/@saasgrowth,,,,"",~61K,~6%,SaaS growth strategies,Instagram DM,SaaS,https://www.instagram.com/saasgrowth/
API Products,@apiproducts,https://www.instagram.com/apiproducts/,,,API Products,https://twitter.com/apiproducts,,"",~70K,~6%,API products,Instagram DM,SaaS,https://www.instagram.com/apiproducts/
Platform Development,@platformdevelopment,https://www.instagram.com/platformdevelopment/,,,,"",,,"",~68K,~6%,Platform development,Instagram DM,SaaS,https://www.instagram.com/platformdevelopment/
SaaS Security,@saassecurity,https://www.instagram.com/saassecurity/,,,,"",,SaaS Security,https://www.youtube.com/@saassecurity,~66K,~6%,SaaS security,Instagram DM,SaaS,https://www.instagram.com/saassecurity/
SaaS Scaling,@saasscaling,https://www.instagram.com/saasscaling/,@saasscaling,https://www.tiktok.com/@saasscaling,,,,"",~64K,~6%,SaaS scaling,Instagram DM,SaaS,https://www.instagram.com/saasscaling/
SaaS Best,@saasbest,https://www.instagram.com/saasbest/,,,SaaS Best,https://twitter.com/saasbest,,"",~72K,~6%,SaaS best practices,Instagram DM,SaaS,https://www.instagram.com/saasbest/
Tech Leadership,@techleadership,https://www.instagram.com/techleadership/,,,Tech Leadership,https://twitter.com/techleadership,,"",~77K,~6%,Tech leadership,Instagram DM,Leadership,https://www.instagram.com/techleadership/
Engineering Management,@engineeringmanagement,https://www.instagram.com/engineeringmanagement/,,,,"",,Engineering Management,https://www.youtube.com/@engineeringmanagement,~73K,~6%,Engineering management,Instagram DM,Leadership,https://www.instagram.com/engineeringmanagement/
Team Leadership,@teamleadership,https://www.instagram.com/teamleadership/,@teamleadership,https://www.tiktok.com/@teamleadership,,,,"",~71K,~6%,Team leadership,Instagram DM,Leadership,https://www.instagram.com/teamleadership/
Tech Strategy,@techstrategy,https://www.instagram.com/techstrategy/,,,,"",,,"",~69K,~6%,Tech strategy,Instagram DM,Leadership,https://www.instagram.com/techstrategy/
Project Management 2,@projectmanagement2,https://www.instagram.com/projectmanagement2/,,,Project Management 2,https://twitter.com/projectmanagement2,,"",~75K,~6%,Tech project management,Instagram DM,Leadership,https://www.instagram.com/projectmanagement2/
Agile Management,@agilemanagement,https://www.instagram.com/agilemanagement/,,,,"",,Agile Management,https://www.youtube.com/@agilemanagement,~67K,~6%,Agile management,Instagram DM,Leadership,https://www.instagram.com/agilemanagement/
Tech Culture,@techculture,https://www.instagram.com/techculture/,@techculture,https://www.tiktok.com/@techculture,,,,"",~65K,~6%,Tech culture,Instagram DM,Leadership,https://www.instagram.com/techculture/
Remote Teams,@remoteteams,https://www.instagram.com/remoteteams/,,,Remote Teams,https://twitter.com/remoteteams,,"",~74K,~6%,Remote team management,Instagram DM,Leadership,https://www.instagram.com/remoteteams/
Tech Hiring,@techhiring,https://www.instagram.com/techhiring/,,,,"",,,"",~72K,~6%,Tech hiring,Instagram DM,Leadership,https://www.instagram.com/techhiring/
Performance Management,@performancemanagement,https://www.instagram.com/performancemanagement/,,,,"",,Performance Management,https://www.youtube.com/@performancemanagement,~70K,~6%,Performance management,Instagram DM,Leadership,https://www.instagram.com/performancemanagement/
Tech Innovation,@techinnovation,https://www.instagram.com/techinnovation/,@techinnovation,https://www.tiktok.com/@techinnovation,,,,"",~68K,~6%,Tech innovation,Instagram DM,Leadership,https://www.instagram.com/techinnovation/
Digital Transformation,@digitaltransformation,https://www.instagram.com/digitaltransformation/,,,Digital Transformation,https://twitter.com/digitaltransformation,,"",~76K,~6%,Digital transformation,Instagram DM,Leadership,https://www.instagram.com/digitaltransformation/
Tech Consulting,@techconsulting,https://www.instagram.com/techconsulting/,,,,"",,,"",~66K,~6%,Tech consulting,Instagram DM,Leadership,https://www.instagram.com/techconsulting/
Startup Tech,@startuptech,https://www.instagram.com/startuptech/,,,,"",,Startup Tech,https://www.youtube.com/@startuptech,~78K,~6%,Startup technology,Instagram DM,Leadership,https://www.instagram.com/startuptech/
Tech Entrepreneurship,@techentrepreneurship,https://www.instagram.com/techentrepreneurship/,@techentrepreneurship,https://www.tiktok.com/@techentrepreneurship,,,,"",~64K,~6%,Tech entrepreneurship,Instagram DM,Leadership,https://www.instagram.com/techentrepreneurship/
Venture Tech,@venturetech,https://www.instagram.com/venturetech/,,,Venture Tech,https://twitter.com/venturetech,,"",~73K,~6%,Venture tech,Instagram DM,Leadership,https://www.instagram.com/venturetech/
Tech Investment,@techinvestment,https://www.instagram.com/techinvestment/,,,,"",,,"",~71K,~6%,Tech investment,Instagram DM,Leadership,https://www.instagram.com/techinvestment/
Tech Trends,@techtrends,https://www.instagram.com/techtrends/,,,,"",,Tech Trends,https://www.youtube.com/@techtrends,~69K,~6%,Tech trends,Instagram DM,Leadership,https://www.instagram.com/techtrends/
Tech Future,@techfuture,https://www.instagram.com/techfuture/,@techfuture,https://www.tiktok.com/@techfuture,,,,"",~67K,~6%,Future of technology,Instagram DM,Leadership,https://www.instagram.com/techfuture/
Tech Leadership Best,@techleadershipbest,https://www.instagram.com/techleadershipbest/,,,Tech Leadership Best,https://twitter.com/techleadershipbest,,"",~75K,~6%,Tech leadership best practices,Instagram DM,Leadership,https://www.instagram.com/techleadershipbest/




