Nombre,Usuario Instagram,Link Instagram,Usuario Twitter,Link Twitter,Usuario TikTok,Link TikTok,Usuario YouTube,Link YouTube,Seguidores,Engagement Rate,Especialidad,Mejor Canal Contacto,Verificado,Notas
Marie Philippe Gill,@girlknowstech,https://www.instagram.com/girlknowstech/,,,,,,,~56K,~5.3%,IA/Productividad/Tecnología,Instagram DM,✅ VERIFICADO,Ingeniera de IA canadiense en Nueva York
Vicky Mei,@vickysdailystandup,https://www.instagram.com/vickysdailystandup/,,,,,,,~26K,~6%,Software Development/Programación,Instagram DM,✅ VERIFICADO,Desarrolladora de software
Sam Ceja,@iamsamcodes,https://www.instagram.com/iamsamcodes/,,,,,,,~24K,~6%,IA/Criptomonedas/Web3,Instagram DM,✅ VERIFICADO,Especialista en IA y crypto
Chip Huyen,@huyenchip19,https://www.instagram.com/huyenchip19/,,,,,,,~20K,~6%,ML Systems/AI Engineering,Instagram DM,✅ VERIFICADO,Autora y ML engineer
Jesica Lichtensztein,,,,,,,,~11K,~5.3%,SaaS/Tecnología,Instagram DM,⚠️ VERIFICAR LINK,Argentina - buscar perfil en Instagram




