ESTRATEGIAS POR PLATAFORMA,Unnamed: 1,Unnamed: 2,Unnamed: 3,Unnamed: 4,Unnamed: 5
,,,,,
Plataforma,Mejor Horario,Frecuencia Recomendada,Tipo de Contenido,Hashtags,Notas
Instagram,11 AM - 1 PM (L-V),1-2x/día,"Visual, Stories, Reels",5-10 hashtags,Enfoque visual y estético
Facebook,1-3 PM (L-V),1x/día,"Comunidad, contenido largo",1-2 hashtags,Enfoque en comunidad
Twitter/X,"8-9 AM, 12-1 PM",3-5x/día,"Tendencias, mensajes cortos",1-2 hashtags,"Tiempo real, conciso"
LinkedIn,8-9 AM (L-V),1x/día,"Profesional, liderazgo",3-5 hashtags,Tono profesional B2B
TikTok,"6-10 AM, 7-9 PM",1-3x/día,"Videos cortos, tendencias",3-5 hashtags,"Autenticidad, tendencias"
YouTube,2-4 PM (L-V),2-3x/semana,"Educativo, series, tutoriales",Títulos optimizados,Contenido largo
Pinterest,"8-11 PM, 2-4 AM",5-10x/día,"Visual, descubrimiento",Rich Pins,Búsqueda visual
