Unnamed: 0,Unnamed: 1,Unnamed: 2,Unnamed: 3,Unnamed: 4,Unnamed: 5,Unnamed: 6,Unnamed: 7
,Calendario Editorial,,,,,,
,──────────────────────────────────────────────────,,,,,,
,,,,,,,
,Fecha,Tipo,Título,Plataforma,Estado,Autor,Notas
,2025-01-15,Blog,Tendencias Marketing 2025,Website,Publicado,Ana García,Alto engagement
,2025-01-18,Social Media,Lanzamiento Producto X,Instagram,Programado,Carlos López,Incluir hashtags
,2025-01-20,Email,Newsletter Semanal,Email,Borrador,María Ruiz,Revisar CTA
,2025-01-22,Blog,Guía SEO Completa,Website,Revisión,Ana García,Optimizar keywords
,2025-01-25,Social Media,Testimonial Cliente,LinkedIn,Programado,Carlos López,Incluir imagen
