MÉTRICAS Y KPIs,Unnamed: 1,Unnamed: 2,Unnamed: 3,Unnamed: 4
,,,,
Métrica,Plataforma,Objetivo,Benchmark,Fórmula
Tasa de Engagement,Todas,3-5%,2-3%,(Likes+Comentarios+Compartidos)/Alcance
Alcance,Todas,Aumentar 20%,Baseline,Usuarios únicos que ven el contenido
Clics,"Facebook, LinkedIn",2-3% CTR,1-2% CTR,Clics/Impresiones
Conversiones,Todas,1-2%,0.5-1%,Conversiones/Visitas
Crecimiento de Seguidores,Todas,5-10%/mes,3-5%/mes,(Nuevos seguidores/Seguidores totales)*100
Tiempo de Visualización,"YouTube, TikTok",>50% del video,30-40%,Tiempo promedio/duración total
Guardados,"Instagram, Pinterest",2-3%,1-2%,Guardados/Impresiones
