📚 Índice de Sistemas de Prompts,Unnamed: 1,Unnamed: 2,Unnamed: 3
Generado el 22/11/2025 01:51,,,
,,,
#,Sistema,Descripción,Acceso
1,📚 Sistemas de Prompts Consolidados,Sistema completo de prompts para 📚 s de prompts consolidados,👉 Ir a _Sistemas_de_Prompts_Consolidad
2,🔍 Sistema Perplexity (Búsqueda y Respuestas),Sistema completo de prompts para 🔍  perplexity (búsqueda y respuestas),👉 Ir a _Sistema_Perplexity_Búsqueda_y_
3,🎬 Sistema de Creación de Videos UGC,Sistema completo de prompts para 🎬  de creación de videos ugc,👉 Ir a _Sistema_de_Creación_de_Videos_
4,✍️ Sistema de Creación de Contenido,Sistema completo de prompts para ✍️  de creación de contenido,👉 Ir a _Sistema_de_Creación_de_Conteni
5,📅 Sistema de Calendario de Contenido de Redes Sociales,Sistema completo de prompts para 📅  de calendario de contenido de redes sociales,👉 Ir a _Sistema_de_Calendario_de_Conte
6,🎨 Sistema de Diseño Gráfico y Visual,Sistema completo de prompts para 🎨  de diseño gráfico y visual,👉 Ir a _Sistema_de_Diseño_Gráfico_y_Vi
7,💼 Sistema de Ventas y Cierre,Sistema completo de prompts para 💼  de ventas y cierre,👉 Ir a _Sistema_de_Ventas_y_Cierre
,,,
,,,
📊 Estadísticas del Documento,,,
Total de sistemas,7,,
Tablas procesadas,0,,
Bloques de código,0,,
Hojas creadas,8,,
