CASOS DE ESTUDIO Y RESULTADOS REALES,Unnamed: 1,Unnamed: 2,Unnamed: 3,Unnamed: 4,Unnamed: 5,Unnamed: 6,Unnamed: 7
Caso,Cliente,Tipo Contenido,Volumen,Tiempo Ahorrado,ROI %,Satisfacción,Estado
Caso 1,TechCorp Inc.,Blog Articles,150,120,185,94,Completado
Caso 2,StartupXYZ,Social Media,500,80,220,91,Completado
Caso 3,Enterprise Ltd,Email Marketing,200,60,165,89,Completado
Caso 4,E-commerce Co,Product Descriptions,1000,200,195,93,En Proceso
Caso 5,SaaS Platform,Landing Pages,25,40,210,96,Completado
Caso 6,Agency Pro,Copywriting,300,100,175,88,Completado
Caso 7,Media Group,SEO Content,200,90,190,92,Completado
Caso 8,Consulting Firm,Technical Docs,50,60,155,90,Completado
,,,,,,,
ESTADÍSTICAS AGREGADAS,,,,,,,
Total Casos:,,,,,,,
Volumen Total:,,,,,,,
Tiempo Ahorrado Total (horas):,,,,,,,
ROI Promedio:,,,,,,,
Satisfacción Promedio:,,,,,,,
