SISTEMA DE CREACIÓN DE CONTENIDO,Unnamed: 1,Unnamed: 2,Unnamed: 3,Unnamed: 4
Variante 4: Académico y Técnico - Dashboard Ejecutivo,,,,
,,,,
Versión:,4.0,Fecha:,22/11/2025,
Autor:,Sistema de Documentación Técnica,Estado:,Activo,
Clasificación:,Documentación de Sistema de IA,Última Actualización:,22/11/2025 02:10,
INDICADORES CLAVE DE RENDIMIENTO (KPIs),,,,
Métrica,Valor Actual,Objetivo,Desviación %,Estado
Tipos de Contenido Soportados,,,,
Plataformas Optimizadas,8,8,,
Reglas de Formato Definidas,25,25,,
Restricciones Operativas,15,15,,
Tasa de Completitud (%),95,90,,
Tiempo Generación Promedio (min),2.5,3,,
Tasa de Precisión (%),92,90,,
Tasa de Relevancia (%),88,85,,
Satisfacción del Usuario (%),87,85,,
PROMEDIO GENERAL,,,,
